{
  "dim": 2,
  "Nelec": 2,
  "orbital_energy": [
    -1.52378656,
    -0.26763148
  ],
  "ENUC": 1.1386276671,
  "EN": -3.99300007772,
  "ttmo": [
    5.0,
    0.9454269558303762,
    12.0,
    0.17535895381500544,
    14.0,
    0.12682234020148653,
    17.0,
    0.598553277016419,
    19.0,
    -0.05682114362143326,
    20.0,
    0.7471546478436311
  ]
}